<?xml version="1.0" encoding="UTF-8"?>
<project-private xmlns="http://www.netbeans.org/ns/project-private/1">
    <editor-bookmarks xmlns="http://www.netbeans.org/ns/editor-bookmarks/2" lastBookmarkId="0"/>
    <open-files xmlns="http://www.netbeans.org/ns/projectui-open-files/2">
        <group>
            <file>file:/C:/Users/david/Downloads/PI_SmartApp/Proyecto/src/AppMainSrc/App.java</file>
            <file>file:/C:/Users/david/Downloads/PI_SmartApp/Proyecto/src/AppMainSrc/HumanidadesMenu.java</file>
            <file>file:/C:/Users/david/Downloads/PI_SmartApp/Proyecto/src/AppMainSrc/PhysicsMenu.java</file>
            <file>file:/C:/Users/david/Downloads/PI_SmartApp/Proyecto/src/AppMainSrc/Button.java</file>
            <file>file:/C:/Users/david/Downloads/PI_SmartApp/Proyecto/src/AppMainSrc/RoundBorder.java</file>
            <file>file:/C:/Users/david/Downloads/PI_SmartApp/Proyecto/src/AppMainSrc/AlgebraMenu.java</file>
            <file>file:/C:/Users/david/Downloads/PI_SmartApp/Proyecto/src/AppMainSrc/MathMenu.java</file>
            <file>file:/C:/Users/david/Downloads/PI_SmartApp/Proyecto/src/AppMainSrc/BasicButton.java</file>
            <file>file:/C:/Users/david/Downloads/PI_SmartApp/Proyecto/src/AppMainSrc/MainMenu.java</file>
            <file>file:/C:/Users/david/Downloads/PI_SmartApp/Proyecto/src/AppMainSrc/RoundTextField.java</file>
            <file>file:/C:/Users/david/Downloads/PI_SmartApp/Proyecto/src/PhysicsSrc/Mru/Carretera.java</file>
            <file>file:/C:/Users/david/Downloads/PI_SmartApp/Proyecto/src/AppMainSrc/Proyecto.java</file>
            <file>file:/C:/Users/david/Downloads/PI_SmartApp/Proyecto/src/PhysicsSrc/Game/Game.java</file>
        </group>
    </open-files>
</project-private>
